{
  "baseline_ioi_ld": 4.468603134155273,
  "baseline_ioi_std": 0.8362938914359294,
  "ioi_ablation": {
    "Name Mover L9H9": {
      "individual": [
        0.3691724777221683,
        -0.13511447906494123,
        0.24423866271972638,
        -0.0627126693725586,
        -0.14914703369140625,
        0.3030410766601559,
        0.018126678466797053,
        -0.06765022277832067,
        0.19010810852050763,
        -0.04510707855224627
      ],
      "cumulative": [
        0.3691724777221683,
        0.16335544586181605,
        0.3369146347045895,
        0.1644262313842777,
        0.022932434082031605,
        0.2652214050292967,
        0.40999603271484375,
        0.3416147232055664,
        0.5625930786132813,
        0.4930355072021486
      ],
      "full_head_effect": 0.2725435256958004,
      "singular_values": [
        2.4273984846542156,
        2.308632075227218,
        2.2389851146112507,
        2.1317376627137268,
        2.0719480135326087,
        1.995154107312898,
        1.961415554606941,
        1.9362596599062072,
        1.9241141366025625,
        1.879595127987229
      ],
      "baseline": 4.468603134155273
    },
    "Name Mover L10H0": {
      "individual": [
        0.0032405853271484375,
        -0.0992269515991211,
        -0.21303100585937518,
        0.029247283935546875,
        0.28219528198242205,
        0.24782619476318324,
        0.6007732391357421,
        -0.02127017974853551,
        0.1400762557983395,
        -0.12031002044677752
      ],
      "cumulative": [
        0.0032405853271484375,
        -0.060726356506347834,
        -0.22154197692871058,
        -0.22643146514892543,
        0.01733627319335973,
        0.21960277557373065,
        0.6841150283813477,
        0.6962251663208008,
        0.8162269592285156,
        0.7050659179687502
      ],
      "full_head_effect": 0.8348274230957031,
      "singular_values": [
        2.9291069792860904,
        2.32526353997454,
        2.2727379498625027,
        2.2403764780417528,
        2.047175737824,
        2.016720967291064,
        1.9336111098157416,
        1.8458862082714973,
        1.8239770893415495,
        1.7905253659048057
      ],
      "baseline": 4.468603134155273
    },
    "S-Inhibition L9H6": {
      "individual": [
        0.38632965087890625,
        0.7998714447021484,
        -0.1694074630737301,
        0.06504688262939418,
        0.05931854248046875,
        -0.1848356246948244,
        0.3627712249755861,
        0.3029296874999998,
        0.04918117523193377,
        0.08637828826904315
      ],
      "cumulative": [
        0.38632965087890625,
        1.1365074157714843,
        0.8722618103027342,
        0.9937070846557616,
        0.9485767364501951,
        0.8754547119140623,
        1.3280248641967773,
        1.5723237991333008,
        1.6234104156494142,
        1.690669631958008
      ],
      "full_head_effect": -0.04577865600585973,
      "singular_values": [
        1.9678847807706692,
        1.863593817584278,
        1.8172284996370647,
        1.7676114435865333,
        1.7370755937908982,
        1.7104786608871807,
        1.693743986708194,
        1.6839460846979,
        1.6583077775903032,
        1.6277932149943002
      ],
      "baseline": 4.468603134155273
    },
    "Induction L1H4": {
      "individual": [
        0.022431182861327947,
        -0.014507865905761363,
        1.7416235923767092,
        -0.07055492401123065,
        2.9399816513061525,
        0.0466224670410158,
        0.020859527587890447,
        0.29868278503417933,
        0.1354040145874027,
        -0.038262939453124645
      ],
      "cumulative": [
        0.022431182861327947,
        0.08643741607666033,
        2.0396562576293946,
        2.5584108352661135,
        3.065606880187988,
        3.5650638580322265,
        3.7272258758544923,
        4.348764419555664,
        4.197198486328125,
        4.370421981811523
      ],
      "full_head_effect": 0.03976707458496076,
      "singular_values": [
        1.8354882385540414,
        1.3649314102921606,
        1.2110100451655814,
        1.091682108385018,
        0.9638051906847231,
        0.8286258004753885,
        0.5945415048050592,
        0.5489484865762898,
        0.533171145769118,
        0.4339347249070493
      ],
      "baseline": 4.468603134155273
    },
    "Low-rank L2H2": {
      "individual": [
        -0.13820304870605504,
        -0.1446222305297855,
        2.1255867004394533,
        0.4206010818481447,
        -0.06186962127685547,
        -0.029666709899902166,
        0.02295398712158203,
        0.06818485260009766,
        0.0365753173828125,
        -0.01735401153564453
      ],
      "cumulative": [
        -0.13820304870605504,
        -0.036746978759765625,
        1.5882450103759767,
        1.8180711746215819,
        2.088286018371582,
        2.1294836044311523,
        2.1114822387695313,
        2.091050910949707,
        2.160462760925293,
        2.1685232162475585
      ],
      "full_head_effect": 0.020618057250976207,
      "singular_values": [
        22.953161335492794,
        22.073696673928353,
        12.239089533216113,
        4.920387466607759,
        4.7239850577151685,
        3.589913966920749,
        2.8453883443591375,
        2.7531311778111,
        2.65294436712249,
        2.5701036766512493
      ],
      "baseline": 4.468603134155273
    }
  }
}