{
  "S-Inhibition L9H6": {
    "layer": 9,
    "head": 6,
    "helpful_directions": [
      0,
      1,
      6,
      7
    ],
    "harmful_directions": [
      2,
      5
    ],
    "neutral_directions": [
      3,
      4,
      8,
      9
    ],
    "singular_values": [
      1.9678847807706692,
      1.863593817584278,
      1.8172284996370647,
      1.7676114435865333,
      1.7370755937908982,
      1.7104786608871807,
      1.693743986708194,
      1.6839460846979,
      1.6583077775903032,
      1.6277932149943002
    ],
    "baseline": 4.468603134155273,
    "remove_harmful": 4.75805549621582,
    "remove_helpful": 2.662238883972168,
    "full_ablation": 4.514381790161133,
    "remove_both": 2.9612424850463865,
    "improvement_over_baseline": 0.2894523620605467,
    "improvement_over_full_ablation": 0.24367370605468697
  },
  "Name Mover L9H9": {
    "layer": 9,
    "head": 9,
    "helpful_directions": [
      0,
      2,
      5,
      8
    ],
    "harmful_directions": [
      1,
      4
    ],
    "neutral_directions": [
      3,
      6,
      7,
      9
    ],
    "singular_values": [
      2.4273984846542156,
      2.308632075227218,
      2.2389851146112507,
      2.1317376627137268,
      2.0719480135326087,
      1.995154107312898,
      1.961415554606941,
      1.9362596599062072,
      1.9241141366025625,
      1.879595127987229
    ],
    "baseline": 4.468603134155273,
    "remove_harmful": 4.740114402770996,
    "remove_helpful": 3.3602201461791994,
    "full_ablation": 4.196059608459473,
    "remove_both": 3.842504119873047,
    "improvement_over_baseline": 0.27151126861572283,
    "improvement_over_full_ablation": 0.5440547943115233
  },
  "Name Mover L10H0": {
    "layer": 10,
    "head": 0,
    "helpful_directions": [
      4,
      5,
      6,
      8
    ],
    "harmful_directions": [
      1,
      2,
      9
    ],
    "neutral_directions": [
      0,
      3,
      7
    ],
    "singular_values": [
      2.9291069792860904,
      2.32526353997454,
      2.2727379498625027,
      2.2403764780417528,
      2.047175737824,
      2.016720967291064,
      1.9336111098157416,
      1.8458862082714973,
      1.8239770893415495,
      1.7905253659048057
    ],
    "baseline": 4.468603134155273,
    "remove_harmful": 4.854472351074219,
    "remove_helpful": 3.510301208496094,
    "full_ablation": 3.6337757110595703,
    "remove_both": 3.757088279724121,
    "improvement_over_baseline": 0.3858692169189455,
    "improvement_over_full_ablation": 1.2206966400146486
  },
  "Induction L1H4": {
    "layer": 1,
    "head": 4,
    "helpful_directions": [
      2,
      4,
      7,
      8
    ],
    "harmful_directions": [],
    "neutral_directions": [
      0,
      1,
      3,
      5,
      6,
      9
    ],
    "singular_values": [
      1.8354882385540414,
      1.3649314102921606,
      1.2110100451655814,
      1.091682108385018,
      0.9638051906847231,
      0.8286258004753885,
      0.5945415048050592,
      0.5489484865762898,
      0.533171145769118,
      0.4339347249070493
    ],
    "baseline": 4.468603134155273,
    "remove_harmful": 4.468603134155273,
    "remove_helpful": -0.10101490020751953,
    "full_ablation": 4.428836059570313,
    "remove_both": -0.10101490020751953,
    "improvement_over_baseline": 0.0,
    "improvement_over_full_ablation": 0.03976707458496076
  },
  "Low-rank L2H2": {
    "layer": 2,
    "head": 2,
    "helpful_directions": [
      2,
      3
    ],
    "harmful_directions": [
      0,
      1
    ],
    "neutral_directions": [
      4,
      5,
      6,
      7,
      8,
      9
    ],
    "singular_values": [
      22.953161335492794,
      22.073696673928353,
      12.239089533216113,
      4.920387466607759,
      4.7239850577151685,
      3.589913966920749,
      2.8453883443591375,
      2.7531311778111,
      2.65294436712249,
      2.5701036766512493
    ],
    "baseline": 4.468603134155273,
    "remove_harmful": 4.505350112915039,
    "remove_helpful": 2.070743370056152,
    "full_ablation": 4.447985076904297,
    "remove_both": 2.650533676147461,
    "improvement_over_baseline": 0.036746978759765625,
    "improvement_over_full_ablation": 0.05736503601074183
  },
  "multi_head_surgical": {
    "heads_edited": [
      "S-Inhibition L9H6",
      "Name Mover L9H9",
      "Name Mover L10H0",
      "Low-rank L2H2"
    ],
    "result": 5.332809638977051,
    "improvement": 0.8642065048217775
  },
  "dose_response_L9H6": {
    "scales": [
      0.0,
      0.1,
      0.2,
      0.30000000000000004,
      0.4,
      0.5,
      0.6000000000000001,
      0.7000000000000001,
      0.8,
      0.9,
      1.0,
      1.1,
      1.2000000000000002,
      1.3,
      1.4000000000000001,
      1.5
    ],
    "logit_diffs": [
      4.75805549621582,
      4.736834716796875,
      4.7136894226074215,
      4.688739013671875,
      4.662052154541016,
      4.633703422546387,
      4.603741836547852,
      4.572200965881348,
      4.539131164550781,
      4.504583549499512,
      4.468603134155273,
      4.431249046325684,
      4.3925786972045895,
      4.352659416198731,
      4.311561012268067,
      4.269341850280762
    ],
    "harmful_directions": [
      2,
      5
    ]
  }
}